ID_Cuenta,Score,EstadoMora,FechaUltimoPago,DiasMora
CU00819,743,En mora,2025-06-15,89
CU00492,327,En mora,2025-06-06,5
CU00825,697,En mora,2025-03-16,30
CU01323,376,En mora,2024-12-15,20
CU01258,657,Al día,2024-09-17,35
CU01311,485,Al día,2025-01-29,80
CU00685,533,En mora,2025-02-11,68
CU01306,547,Al día,2025-06-21,37
CU00805,698,En mora,2024-07-18,85
CU01405,628,En mora,2025-06-17,8
CU01172,304,En mora,2025-02-18,89
CU00886,647,En mora,2025-05-09,27
CU01356,698,En mora,2024-12-06,63
CU00294,558,En mora,2025-05-19,52
CU01396,718,Al día,2024-11-05,70
CU00927,690,Al día,2024-11-11,15
CU00231,414,Al día,2024-07-26,47
CU01468,303,En mora,2024-09-08,9
CU01081,427,Al día,2025-02-09,13
CU01333,308,En mora,2024-07-17,64
CU00535,623,En mora,2025-03-16,41
CU00830,417,Al día,2024-07-24,52
CU00354,766,En mora,2025-04-25,57
CU00728,762,En mora,2024-11-05,21
CU00462,424,En mora,2025-05-31,32
CU01085,522,Al día,2025-05-10,26
CU00396,627,En mora,2025-02-18,64
CU00128,558,En mora,2024-12-03,5
CU01233,366,En mora,2025-04-12,59
CU00188,361,Al día,2025-06-16,3
CU00629,825,Al día,2025-06-24,9
CU00290,578,En mora,2024-10-01,81
CU01044,422,En mora,2025-06-25,88
CU01000,571,En mora,2025-03-15,86
CU00410,801,En mora,2025-04-18,59
CU00671,568,En mora,2024-09-02,48
CU00697,517,En mora,2025-04-28,43
CU00489,458,En mora,2024-08-28,51
CU00078,659,Al día,2024-08-25,24
CU00743,764,Al día,2024-11-19,50
CU01082,843,Al día,2024-08-30,4
CU00447,547,Al día,2025-05-10,1
CU01344,590,En mora,2024-12-01,32
CU00498,335,En mora,2024-10-02,14
CU00194,365,Al día,2024-09-22,90
CU00953,726,En mora,2025-02-27,17
CU01023,456,En mora,2024-09-02,41
CU01038,420,Al día,2024-07-29,85
CU00419,491,En mora,2024-09-20,59
CU00607,775,En mora,2025-03-01,62
CU00659,653,En mora,2024-07-13,59
CU00892,842,En mora,2024-08-13,8
CU01414,656,En mora,2025-05-23,10
CU01210,830,Al día,2024-10-26,70
CU01018,779,Al día,2024-07-16,84
CU01497,372,Al día,2025-01-12,31
CU00119,690,Al día,2025-06-25,56
CU01164,375,En mora,2024-09-04,17
CU01370,487,Al día,2025-06-28,60
CU01249,637,Al día,2024-07-01,35
CU01303,775,En mora,2024-08-25,20
CU00031,605,Al día,2024-11-08,21
CU00350,461,En mora,2025-05-10,2
CU00444,346,Al día,2025-05-29,77
CU00098,323,Al día,2024-09-09,12
CU00448,635,En mora,2024-07-14,22
CU01005,583,Al día,2025-04-10,37
CU00958,473,En mora,2025-02-22,15
CU01361,606,En mora,2024-12-09,68
CU01338,529,En mora,2024-09-29,50
CU00247,417,En mora,2025-04-29,21
CU00854,352,Al día,2025-02-27,9
CU01240,491,En mora,2025-04-21,85
CU01137,822,Al día,2024-11-05,1
CU00924,440,En mora,2024-07-25,86
CU00147,412,En mora,2025-04-10,34
CU00881,563,En mora,2024-08-28,19
CU00935,790,En mora,2024-07-31,56
CU01145,643,Al día,2025-01-15,45
CU01473,822,En mora,2024-10-09,22
CU00900,398,Al día,2025-06-04,27
CU01393,772,Al día,2024-12-18,4
CU01342,322,En mora,2024-08-28,86
CU00559,538,En mora,2025-01-26,68
CU00310,562,En mora,2024-09-06,27
CU00355,624,Al día,2025-03-10,56
CU00260,686,En mora,2024-12-23,89
CU00907,421,En mora,2024-11-03,6
CU00609,599,En mora,2024-07-10,81
CU00149,616,Al día,2024-11-28,66
CU00281,319,En mora,2025-01-13,82
CU00706,841,Al día,2024-11-19,84
CU00450,599,Al día,2024-11-09,84
CU01036,769,En mora,2025-04-10,13
CU00751,385,En mora,2024-10-24,49
CU00702,704,Al día,2024-09-13,88
CU00642,411,En mora,2024-10-25,39
CU00815,438,En mora,2024-11-14,56
CU00522,309,Al día,2024-07-09,6
CU00200,590,Al día,2024-08-14,76
CU01155,678,Al día,2025-03-19,0
CU00127,537,En mora,2025-04-04,6
CU00862,629,En mora,2024-11-18,48
CU01124,484,Al día,2024-07-22,25
CU01112,724,En mora,2025-05-08,31
CU01297,622,En mora,2024-07-23,47
CU01429,781,Al día,2024-07-25,30
CU01123,657,En mora,2024-10-11,25
CU00287,661,Al día,2025-03-26,11
CU00769,335,En mora,2024-10-24,2
CU00883,815,En mora,2025-04-18,53
CU01141,629,En mora,2025-03-08,3
CU00637,568,En mora,2024-11-05,1
CU01092,369,Al día,2025-06-25,43
CU00852,818,En mora,2025-05-09,24
CU00174,677,En mora,2025-06-19,87
CU00145,592,En mora,2025-01-09,85
CU00957,585,En mora,2025-04-25,8
CU00019,659,Al día,2024-12-31,28
CU00885,823,Al día,2025-03-16,12
CU00120,636,Al día,2024-08-22,85
CU01030,841,En mora,2024-10-20,21
CU01406,335,Al día,2025-06-12,21
CU01390,787,En mora,2024-12-22,5
CU00301,678,En mora,2025-05-23,53
CU01383,643,En mora,2025-05-27,65
CU00456,529,Al día,2025-04-30,13
CU01191,696,Al día,2025-02-18,41
CU01167,720,En mora,2024-12-09,41
CU00662,701,En mora,2024-07-09,71
CU01169,787,Al día,2025-03-16,80
CU00311,345,Al día,2025-06-06,24
CU01208,453,Al día,2025-05-30,79
CU00820,560,En mora,2024-10-30,26
CU00259,586,En mora,2025-04-06,69
CU00481,630,En mora,2024-09-25,50
CU01033,771,En mora,2024-09-08,54
CU00857,568,Al día,2025-02-27,15
CU01475,456,Al día,2025-05-22,29
CU00963,728,En mora,2025-01-18,27
CU00375,551,En mora,2024-09-07,13
CU01328,566,En mora,2024-11-10,45
CU00874,358,Al día,2024-07-30,41
CU00569,470,En mora,2024-06-30,22
CU00701,618,Al día,2025-03-19,1
CU01260,697,En mora,2025-06-05,51
CU00305,314,Al día,2024-12-18,83
CU00918,761,Al día,2024-08-12,40
CU00985,437,Al día,2024-09-18,1
CU00436,449,Al día,2024-08-24,49
CU01102,599,Al día,2024-12-31,27
CU00550,722,Al día,2024-09-26,58
CU00547,718,En mora,2024-09-18,28
CU00431,492,En mora,2024-08-20,8
CU00264,582,En mora,2025-02-11,84
CU00276,553,En mora,2024-12-10,35
CU00631,803,En mora,2025-03-21,83
CU01116,612,Al día,2024-11-13,79
CU01385,577,Al día,2024-09-17,47
CU00347,609,Al día,2025-06-08,5
CU00267,485,En mora,2025-01-12,8
CU00084,523,Al día,2025-04-29,27
CU00312,721,Al día,2024-11-16,52
CU00755,326,En mora,2024-12-03,38
CU00090,680,En mora,2025-01-03,76
CU00515,619,Al día,2024-07-22,63
CU01055,430,Al día,2025-04-23,13
CU00690,822,En mora,2024-07-21,68
CU01001,579,Al día,2025-03-11,72
CU00196,584,Al día,2025-02-21,21
CU00197,496,Al día,2025-05-30,32
CU01109,574,En mora,2024-10-21,12
CU01019,367,En mora,2024-10-08,76
CU00504,532,Al día,2024-11-08,41
CU00984,521,En mora,2025-03-17,80
CU01199,752,En mora,2025-05-05,89
CU01279,603,Al día,2025-04-04,49
CU00735,699,En mora,2024-12-10,86
CU00029,619,Al día,2024-12-06,88
CU00565,563,Al día,2025-01-19,17
CU00865,664,Al día,2024-07-01,42
CU00423,688,Al día,2025-04-07,22
CU00937,526,En mora,2025-02-16,81
CU00785,755,En mora,2025-03-06,88
CU00430,604,Al día,2024-08-28,40
CU00526,804,Al día,2024-07-04,85
CU01254,627,Al día,2025-05-31,61
CU01132,820,En mora,2025-06-09,8
CU01282,619,En mora,2024-08-14,42
CU00760,791,En mora,2025-01-13,2
CU01170,760,Al día,2025-02-19,77
CU01271,834,En mora,2025-05-16,74
CU01493,743,Al día,2024-07-10,57
CU01372,742,Al día,2025-03-07,48
CU01335,526,Al día,2024-11-20,65
CU00683,826,Al día,2024-08-21,81
CU00661,815,Al día,2024-12-10,29
CU00091,717,En mora,2025-06-20,64
CU01225,400,En mora,2024-10-18,75
CU00908,707,En mora,2024-10-29,90
CU01077,704,En mora,2024-07-31,1
CU01334,429,Al día,2024-11-04,29
CU00514,818,En mora,2025-03-26,2
CU00583,334,En mora,2024-11-14,78
CU00617,453,Al día,2025-02-14,15
CU00814,701,En mora,2025-01-21,39
CU00971,363,En mora,2025-06-18,30
CU00975,528,En mora,2025-04-04,54
CU00666,552,Al día,2024-11-13,31
CU00678,787,En mora,2025-03-09,79
CU01171,314,Al día,2024-08-18,10
CU01121,639,En mora,2024-09-14,7
CU00454,662,En mora,2024-11-25,17
CU01407,479,En mora,2025-05-19,47
CU00406,514,En mora,2024-08-27,63
CU01154,453,Al día,2024-10-08,37
CU01230,344,Al día,2025-02-22,25
CU00163,651,Al día,2024-06-30,19
CU00601,320,Al día,2025-03-04,48
CU00802,668,En mora,2024-09-01,26
CU00964,377,En mora,2025-04-28,82
CU01445,418,En mora,2024-10-24,4
CU00490,658,En mora,2024-08-16,30
CU00694,813,Al día,2024-10-31,76
CU00540,802,Al día,2025-03-29,56
CU00518,331,En mora,2025-06-03,42
CU00001,657,En mora,2024-08-29,17
CU01451,361,Al día,2025-04-07,35
CU00932,396,En mora,2024-07-17,40
CU01193,677,En mora,2024-12-03,82
CU00782,795,En mora,2024-09-22,5
CU00992,751,Al día,2025-03-24,66
CU00038,514,Al día,2024-06-30,53
CU00901,383,En mora,2025-06-03,82
CU00831,705,Al día,2024-09-03,36
CU00536,406,Al día,2024-11-22,3
CU01246,788,En mora,2025-02-24,29
CU00334,656,En mora,2024-09-24,42
CU01410,430,En mora,2024-09-17,43
CU00980,321,Al día,2024-07-25,31
CU00476,525,En mora,2025-02-26,26
CU00516,405,Al día,2024-12-09,69
CU00691,693,En mora,2025-06-10,6
CU01450,400,En mora,2024-08-10,85
CU00812,447,En mora,2024-10-23,31
CU01043,529,En mora,2025-04-22,87
CU01487,386,En mora,2025-06-27,89
CU00358,822,Al día,2024-07-03,28
CU00552,392,Al día,2024-09-09,77
CU00382,452,En mora,2024-09-16,48
CU00539,722,Al día,2024-12-13,66
CU00919,653,En mora,2024-09-24,41
CU01058,708,En mora,2025-04-16,23
CU00379,386,En mora,2024-09-04,56
CU01444,510,En mora,2025-06-22,80
CU01292,682,Al día,2025-05-10,0
CU01176,823,Al día,2025-01-25,8
CU01274,452,Al día,2024-11-09,62
CU01462,304,En mora,2024-08-30,8
CU01151,375,Al día,2024-07-31,24
CU01431,710,Al día,2025-01-24,6
CU01237,303,En mora,2025-05-05,81
CU01242,671,Al día,2025-01-07,18
CU00002,382,En mora,2025-04-11,26
CU00055,730,En mora,2025-01-15,16
CU00679,771,Al día,2024-06-29,11
CU00674,661,Al día,2024-08-20,22
CU01365,711,Al día,2025-01-15,75
CU00111,334,Al día,2025-01-23,70
CU00048,541,Al día,2025-02-05,26
CU00225,379,En mora,2025-04-02,30
CU00241,374,En mora,2024-11-02,64
CU00947,583,En mora,2024-08-14,10
CU00045,537,En mora,2025-06-02,54
CU01423,636,Al día,2024-11-20,59
CU00549,830,En mora,2025-02-04,39
CU00291,382,Al día,2024-07-22,21
CU01262,617,En mora,2024-09-06,25
CU00665,596,En mora,2024-08-19,31
CU01027,641,Al día,2025-06-24,54
CU01247,723,Al día,2025-05-26,22
CU01173,318,En mora,2024-07-25,77
CU00389,303,En mora,2025-06-28,31
CU00794,766,Al día,2025-04-17,38
CU00104,489,En mora,2024-07-07,36
CU00912,580,En mora,2024-09-13,73
CU00675,362,Al día,2025-03-12,57
CU00566,553,Al día,2025-06-12,81
CU01147,301,Al día,2025-04-17,25
CU01309,366,Al día,2024-10-09,34
CU00616,585,Al día,2024-07-19,61
CU00032,431,En mora,2024-12-03,10
CU00180,347,Al día,2025-03-15,46
CU00648,346,En mora,2024-10-28,50
CU00509,530,Al día,2025-03-12,48
CU00744,583,Al día,2024-10-22,21
CU00651,848,En mora,2025-06-13,60
CU00863,327,En mora,2025-03-11,56
CU00398,710,En mora,2024-10-17,54
CU00798,772,Al día,2024-10-18,64
CU00717,521,Al día,2024-12-19,78
CU00705,675,En mora,2024-08-12,55
CU01073,308,Al día,2025-06-25,19
CU00808,712,Al día,2024-10-24,61
CU00610,770,Al día,2025-04-02,2
CU00482,369,En mora,2025-04-26,48
CU01382,641,En mora,2024-11-26,54
CU00442,365,En mora,2025-05-16,10
CU00860,369,Al día,2025-06-26,38
CU00673,560,Al día,2024-09-23,76
CU00747,831,Al día,2024-08-08,68
CU00824,695,Al día,2025-05-11,19
CU00503,657,En mora,2024-07-24,70
CU01337,657,En mora,2024-09-15,22
CU00458,691,En mora,2025-03-05,32
CU00337,675,En mora,2024-09-22,48
CU01413,485,Al día,2024-12-27,59
CU00707,604,En mora,2025-01-01,39
CU00877,363,Al día,2024-07-07,58
CU00071,477,Al día,2025-03-15,36
CU00783,534,En mora,2025-06-01,48
CU01104,339,Al día,2025-01-16,71
CU00859,586,En mora,2025-02-15,77
CU00966,558,Al día,2024-08-29,61
CU00230,766,En mora,2024-12-12,9
CU00519,539,Al día,2024-10-22,42
CU00083,802,Al día,2025-05-15,17
CU00538,841,En mora,2025-05-03,60
CU01482,650,En mora,2024-12-07,25
CU00529,840,Al día,2024-10-22,19
CU01024,611,En mora,2025-01-29,24
CU00215,407,Al día,2025-05-15,0
CU00878,329,En mora,2024-10-16,1
CU00944,608,En mora,2025-01-14,64
CU00867,785,Al día,2025-06-25,47
CU01471,345,Al día,2025-01-08,62
CU00688,658,En mora,2024-12-01,51
CU01250,436,Al día,2025-02-01,53
CU00941,730,En mora,2024-12-05,50
CU00235,550,En mora,2025-02-05,47
CU00493,732,Al día,2025-04-08,49
CU00385,506,En mora,2024-08-17,62
CU01057,745,En mora,2025-01-05,39
CU00373,358,En mora,2025-05-27,82
CU00043,505,Al día,2025-03-12,75
CU00459,630,Al día,2025-02-06,9
CU01248,824,Al día,2025-03-21,52
CU01421,457,Al día,2025-01-03,4
CU01135,403,En mora,2025-01-22,15
CU00233,658,Al día,2025-05-28,49
CU00903,664,En mora,2024-12-31,72
CU00420,478,En mora,2025-04-22,20
CU00650,657,Al día,2024-12-07,24
CU00352,563,Al día,2024-08-29,55
CU00843,848,En mora,2025-04-20,32
CU00726,652,En mora,2024-07-05,44
CU00274,663,En mora,2025-02-24,65
CU00073,549,En mora,2025-05-18,90
CU01404,419,En mora,2025-04-29,62
CU01207,491,Al día,2024-08-17,81
CU00589,361,Al día,2025-06-10,88
CU01364,509,Al día,2024-10-25,47
CU01315,351,En mora,2025-04-25,89
CU00464,612,Al día,2025-03-03,7
CU00847,578,En mora,2025-02-18,83
CU00081,687,En mora,2024-07-01,49
CU01298,501,En mora,2025-02-17,54
CU00269,438,Al día,2024-07-12,31
CU00731,318,Al día,2024-11-14,31
CU00520,620,En mora,2024-11-07,61
CU01203,394,En mora,2025-01-19,4
CU01488,429,Al día,2024-09-03,46
CU00004,404,En mora,2024-06-29,80
CU01095,496,Al día,2024-12-31,90
CU00101,559,En mora,2025-03-27,86
CU01186,338,Al día,2024-08-19,3
CU01294,800,Al día,2025-01-10,89
CU00226,430,En mora,2025-05-04,85
CU01039,453,En mora,2025-02-06,82
CU01133,620,En mora,2025-06-19,18
CU00085,421,En mora,2024-09-20,33
CU00044,443,En mora,2024-09-01,77
CU00297,485,En mora,2024-09-26,58
CU00026,846,En mora,2025-04-05,87
CU00415,510,En mora,2025-05-03,18
CU01080,699,En mora,2024-11-05,32
CU00025,332,Al día,2024-07-09,31
CU01324,458,En mora,2024-12-19,77
CU00328,705,En mora,2025-04-17,74
CU00302,663,Al día,2025-05-11,84
CU00496,462,En mora,2025-05-22,20
CU00861,430,Al día,2025-01-30,1
CU00432,395,Al día,2024-08-21,14
CU00578,569,Al día,2025-05-13,11
CU00096,666,Al día,2024-07-02,82
CU01118,664,Al día,2024-10-31,49
CU00394,733,Al día,2025-04-04,50
CU00109,360,Al día,2024-08-04,90
CU00033,622,En mora,2025-02-28,75
CU01021,507,En mora,2024-11-23,10
CU00810,647,Al día,2024-12-27,66
CU00022,344,En mora,2024-11-01,24
CU00795,646,En mora,2024-09-30,54
CU01212,668,Al día,2024-09-27,21
CU00173,833,En mora,2025-04-06,54
CU01087,657,Al día,2025-05-27,32
CU00858,794,En mora,2024-12-26,88
CU00027,359,En mora,2024-09-22,38
CU00834,597,En mora,2024-08-03,64
CU00998,358,En mora,2025-04-10,68
CU01177,723,En mora,2025-02-19,84
CU00308,530,Al día,2024-09-25,48
CU01348,747,Al día,2024-09-27,75
CU00329,667,Al día,2024-12-23,39
CU01446,328,En mora,2025-04-08,52
CU00446,576,Al día,2024-09-25,11
CU01461,678,Al día,2024-10-24,13
CU00105,337,En mora,2024-09-24,81
CU00623,506,Al día,2024-07-28,73
CU00039,588,Al día,2025-06-19,44
CU00306,792,En mora,2024-10-17,18
CU01347,524,Al día,2025-03-10,34
CU01184,751,Al día,2024-09-11,26
CU00391,327,Al día,2025-02-27,50
CU00829,633,En mora,2024-12-12,89
CU00318,672,Al día,2025-01-21,39
CU00938,600,Al día,2025-05-08,0
CU00727,503,En mora,2025-02-10,21
CU00239,678,Al día,2025-02-26,62
CU00973,414,En mora,2024-09-11,0
CU00289,319,Al día,2025-01-29,12
CU00425,695,En mora,2025-02-28,8
CU01232,351,Al día,2025-03-15,89
CU00978,485,En mora,2025-06-08,53
CU00220,652,En mora,2025-02-05,67
CU00270,413,Al día,2025-05-05,53
CU01272,813,En mora,2025-06-06,83
CU01084,845,Al día,2025-04-20,36
CU00333,581,Al día,2025-02-22,55
CU00646,469,Al día,2024-07-29,21
CU01236,620,En mora,2024-08-02,22
CU00068,665,En mora,2024-08-10,47
CU01327,819,En mora,2025-01-22,23
CU01276,409,En mora,2024-07-07,90
CU01041,843,Al día,2025-05-12,17
CU00282,842,En mora,2024-08-08,25
CU00967,623,Al día,2024-09-20,62
CU00595,311,En mora,2025-04-10,23
CU00606,322,En mora,2024-12-20,64
CU00112,460,Al día,2024-10-22,14
CU01014,563,Al día,2025-06-25,57
CU01499,679,Al día,2024-07-05,72
CU00213,379,En mora,2024-07-25,27
CU00028,570,En mora,2025-05-06,23
CU00191,724,Al día,2025-02-26,25
CU00077,735,Al día,2024-10-08,7
CU00840,377,En mora,2024-10-13,23
CU01140,823,Al día,2024-08-15,24
CU00189,410,En mora,2025-06-14,33
CU00639,751,En mora,2024-08-10,52
CU00801,713,Al día,2024-12-15,56
CU00558,559,Al día,2025-04-23,80
CU00034,650,En mora,2024-11-09,79
CU00614,483,Al día,2024-10-22,13
CU00258,474,Al día,2025-03-15,81
CU01048,685,Al día,2025-06-01,21
CU00050,571,Al día,2024-06-28,10
CU00724,485,En mora,2025-04-16,37
CU01143,466,En mora,2024-07-11,10
CU00821,442,En mora,2025-05-04,48
CU00730,792,Al día,2024-08-12,15
CU00357,371,Al día,2025-06-05,35
CU00613,643,En mora,2024-12-16,8
CU01498,798,En mora,2024-06-28,43
CU00603,446,En mora,2024-11-10,3
CU00469,800,En mora,2024-09-13,74
CU00553,637,Al día,2024-11-10,30
CU01320,384,En mora,2025-02-24,61
CU01362,442,Al día,2025-06-05,62
CU01447,610,En mora,2025-03-30,86
CU00910,668,Al día,2025-06-13,12
CU00013,740,En mora,2025-03-16,1
CU01070,366,En mora,2025-01-12,7
CU00704,833,En mora,2024-12-05,34
CU01074,640,En mora,2025-01-23,0
CU00636,401,En mora,2024-08-20,85
CU00962,613,En mora,2024-10-20,74
CU00990,409,Al día,2025-04-15,5
CU00638,731,En mora,2025-05-18,12
CU00143,641,En mora,2025-05-22,27
CU00732,478,Al día,2025-01-13,66
CU01079,433,En mora,2024-11-18,0
CU01185,329,En mora,2025-04-05,48
CU00850,772,Al día,2024-08-03,77
CU00911,684,Al día,2024-12-07,66
CU01290,308,En mora,2024-09-10,34
CU00573,435,En mora,2025-01-11,62
CU00292,589,Al día,2024-09-25,60
CU01391,342,Al día,2024-07-31,43
CU00132,404,En mora,2024-10-30,77
CU00321,330,Al día,2024-07-14,54
CU00904,518,En mora,2024-08-12,43
CU01125,412,En mora,2024-12-12,47
CU01026,559,En mora,2024-08-31,87
CU01028,311,Al día,2025-03-14,43
CU01064,770,En mora,2024-11-26,40
CU00079,639,En mora,2024-12-20,30
CU00686,545,Al día,2024-08-01,46
CU01437,549,Al día,2025-05-10,85
CU01103,808,En mora,2024-12-31,51
CU01226,603,Al día,2025-01-10,48
CU00327,812,En mora,2024-11-19,78
CU01239,660,En mora,2024-07-26,7
CU00807,343,Al día,2024-10-28,45
CU00273,618,Al día,2025-04-07,42
CU00005,788,Al día,2024-07-25,12
CU00014,593,Al día,2024-09-28,0
CU00150,808,En mora,2025-02-24,58
CU00159,820,En mora,2025-03-04,89
CU00501,625,Al día,2024-08-21,51
CU00106,552,En mora,2025-04-30,17
CU01035,607,En mora,2024-08-28,3
CU00072,622,En mora,2025-02-09,77
CU00280,335,En mora,2025-05-26,15
CU00139,590,Al día,2024-11-11,67
CU00107,841,Al día,2024-09-05,35
CU01496,788,Al día,2024-11-05,89
CU00986,535,En mora,2024-10-21,31
CU00393,684,Al día,2025-06-27,47
CU00465,660,Al día,2025-06-15,57
CU00584,555,En mora,2024-09-15,79
CU00527,658,Al día,2024-10-27,87
CU00622,842,Al día,2024-12-18,84
CU00955,324,En mora,2025-03-22,60
CU01209,300,En mora,2025-04-30,65
CU00983,657,En mora,2025-05-18,52
CU01138,417,En mora,2024-07-30,84
CU00182,778,En mora,2025-01-07,24
CU00381,758,En mora,2025-06-23,0
CU00257,412,En mora,2025-04-03,81
CU00719,494,Al día,2024-12-14,41
CU01349,319,Al día,2025-02-22,2
CU00035,585,Al día,2024-11-25,81
CU01131,757,Al día,2024-09-08,46
CU00956,747,En mora,2024-09-29,5
CU00645,384,Al día,2024-12-30,41
CU00118,573,En mora,2024-07-30,86
CU01416,702,Al día,2024-12-07,56
CU00930,552,Al día,2024-07-05,29
CU01189,664,En mora,2024-08-21,77
CU01412,559,Al día,2025-01-03,62
CU01089,733,Al día,2025-03-01,51
CU00681,421,Al día,2025-03-05,78
CU00335,816,En mora,2025-06-15,10
CU00185,842,En mora,2024-12-11,44
CU01163,818,En mora,2024-12-31,54
CU00891,311,En mora,2025-02-08,60
CU00487,309,En mora,2025-04-11,84
CU01007,456,En mora,2024-09-02,89
CU00827,440,En mora,2025-05-01,12
CU01045,436,En mora,2024-07-16,49
CU00243,699,Al día,2025-02-03,37
CU01120,742,Al día,2024-11-06,77
CU00099,741,Al día,2024-11-03,24
CU00692,566,Al día,2025-05-30,18
CU01117,812,Al día,2025-06-07,66
CU01253,576,Al día,2024-10-11,73
CU01486,655,Al día,2024-12-17,64
CU01238,392,Al día,2024-10-13,4
CU00187,435,Al día,2025-03-21,16
CU00591,410,Al día,2025-04-20,63
CU00713,343,En mora,2024-11-08,11
CU00754,510,Al día,2025-02-04,38
CU01436,642,Al día,2024-08-03,86
CU00742,658,En mora,2024-11-01,70
CU01114,660,Al día,2024-09-28,59
CU00876,630,Al día,2025-06-07,21
CU00125,710,En mora,2025-03-06,57
CU00895,807,En mora,2024-08-16,14
CU00058,531,Al día,2025-05-13,61
CU00545,469,En mora,2025-05-13,84
CU00737,703,En mora,2024-07-05,69
CU00309,533,Al día,2024-11-14,30
CU00383,819,Al día,2024-07-30,31
CU01301,601,Al día,2025-03-28,27
CU00664,399,Al día,2024-12-13,21
CU00494,552,En mora,2025-01-20,84
CU01318,607,En mora,2025-05-26,89
CU00246,686,En mora,2025-04-07,11
CU01008,422,Al día,2025-05-09,13
CU01146,431,En mora,2024-12-19,55
CU00467,535,Al día,2025-04-08,3
CU00018,520,Al día,2024-06-30,20
CU01220,361,En mora,2025-05-17,41
CU00894,702,En mora,2025-04-14,49
CU00772,470,Al día,2024-11-04,35
CU00228,775,En mora,2024-11-22,28
CU01490,313,Al día,2025-04-28,32
CU00594,569,Al día,2025-02-09,85
CU00738,353,En mora,2024-10-02,60
CU00168,712,En mora,2025-03-04,85
CU01234,430,En mora,2025-06-03,15
CU00508,816,En mora,2024-09-12,85
CU00560,600,Al día,2024-12-14,17
CU01434,726,En mora,2025-02-11,68
CU00562,415,En mora,2024-09-30,81
CU00626,535,En mora,2025-02-02,62
CU00429,312,En mora,2024-11-23,11
CU01387,517,Al día,2024-10-18,88
CU01400,628,Al día,2025-04-01,42
CU00818,367,Al día,2025-04-17,28
CU00326,690,En mora,2025-06-01,73
CU00023,391,En mora,2024-12-25,76
CU00460,403,Al día,2025-05-01,8
CU00943,725,En mora,2025-02-06,82
CU00596,603,En mora,2025-02-16,43
CU00668,678,En mora,2024-12-05,48
CU00030,647,Al día,2025-03-28,48
CU00095,474,En mora,2025-04-13,83
CU01394,691,En mora,2025-05-25,82
CU00380,704,En mora,2025-03-14,71
CU00411,387,En mora,2024-07-19,55
CU01269,548,Al día,2024-11-24,29
CU01439,665,Al día,2025-05-21,28
CU00349,388,En mora,2024-12-19,33
CU00360,755,Al día,2024-08-29,14
CU00251,714,En mora,2025-04-28,37
CU00331,754,En mora,2024-08-30,11
CU00009,810,En mora,2025-06-09,14
CU00972,474,Al día,2025-05-06,11
CU01433,508,Al día,2024-07-21,43
CU00870,612,En mora,2025-03-20,75
CU00097,670,En mora,2024-11-12,24
CU01313,612,Al día,2025-05-22,14
CU01231,803,En mora,2024-07-18,73
CU01350,385,En mora,2024-07-16,47
CU01106,565,En mora,2024-12-17,16
CU00660,519,En mora,2025-05-28,40
CU01113,594,En mora,2024-10-25,48
CU00988,805,Al día,2024-07-23,73
CU00880,462,Al día,2024-10-30,0
CU00720,426,En mora,2024-12-14,39
CU00316,416,Al día,2024-10-02,7
CU01326,705,En mora,2024-12-04,75
CU01442,655,Al día,2024-10-14,68
CU00158,521,Al día,2025-06-06,24
CU01013,675,Al día,2025-04-05,49
CU00826,613,Al día,2024-12-08,54
CU00138,449,En mora,2025-05-20,40
CU00434,535,Al día,2025-03-05,46
CU00468,467,En mora,2025-03-21,86
CU00201,794,En mora,2024-10-22,16
CU00066,711,En mora,2024-10-07,66
CU01284,368,Al día,2025-04-18,84
CU01192,566,Al día,2024-09-12,77
CU00959,449,Al día,2024-10-30,75
CU00837,824,Al día,2025-03-20,28
CU00689,681,En mora,2024-11-19,13
CU00598,673,En mora,2025-02-27,50
CU00792,805,En mora,2025-02-13,1
CU00401,536,Al día,2024-12-06,68
CU01267,624,Al día,2024-11-15,58
CU00979,549,Al día,2025-01-03,40
CU00703,750,Al día,2025-03-27,18
CU00936,721,En mora,2025-02-25,37
CU01175,515,En mora,2025-06-14,28
CU00715,320,Al día,2024-07-18,63
CU00946,604,Al día,2024-08-06,87
CU01047,652,Al día,2025-03-12,58
CU01034,744,Al día,2024-10-22,18
CU00926,565,En mora,2024-09-02,76
CU00441,467,En mora,2025-03-23,36
CU01427,357,En mora,2025-02-05,18
CU00285,623,En mora,2025-01-29,85
CU00386,565,Al día,2024-07-23,89
CU01379,361,En mora,2025-05-13,4
CU01025,388,Al día,2024-09-27,76
CU00882,715,Al día,2025-03-06,40
CU01090,375,Al día,2025-01-18,39
CU00997,704,En mora,2024-12-19,64
CU01066,664,En mora,2025-06-14,88
CU01343,684,Al día,2024-07-03,15
CU00773,308,Al día,2024-12-20,35
CU00575,814,Al día,2024-09-23,90
CU00974,668,Al día,2025-03-01,73
CU00541,608,Al día,2024-07-19,61
CU00141,469,Al día,2024-12-28,80
CU01196,446,Al día,2024-11-05,27
CU00485,817,Al día,2024-06-28,63
CU00008,379,En mora,2025-01-28,37
CU00160,751,Al día,2024-09-23,90
CU00474,765,En mora,2025-04-29,48
CU00914,711,En mora,2025-01-02,7
CU01380,594,En mora,2025-03-27,42
CU01149,429,Al día,2024-09-17,19
CU00076,464,Al día,2025-04-07,26
CU00268,749,En mora,2025-04-15,28
CU01148,806,En mora,2025-03-28,89
CU01277,368,Al día,2025-01-08,6
CU01159,799,Al día,2025-02-20,22
CU00218,434,Al día,2025-06-02,62
CU01420,801,En mora,2024-12-06,50
CU00989,644,En mora,2024-11-05,38
CU00709,353,Al día,2025-03-10,84
CU00473,631,Al día,2025-06-10,20
CU01174,719,En mora,2025-04-16,2
CU01459,612,En mora,2025-05-08,70
CU01201,437,En mora,2025-06-04,50
CU00397,654,Al día,2024-11-10,43
CU01244,801,Al día,2024-09-26,54
CU01266,524,En mora,2025-05-04,86
CU00129,398,En mora,2024-09-04,60
CU00961,606,En mora,2025-06-04,44
CU00513,690,En mora,2024-10-24,50
CU00336,390,Al día,2024-12-14,50
CU01127,673,Al día,2024-09-14,9
CU00778,503,En mora,2024-12-09,67
CU00680,416,Al día,2025-02-22,36
CU01438,365,Al día,2025-03-06,36
CU01273,430,En mora,2024-08-13,89
CU00928,685,En mora,2024-08-08,24
CU01111,391,En mora,2024-09-13,89
CU00176,376,En mora,2025-01-01,70
CU00486,551,En mora,2025-05-13,50
CU01408,619,Al día,2024-11-09,12
CU01295,353,En mora,2024-09-04,16
CU01110,444,Al día,2025-05-13,41
CU00059,385,Al día,2024-10-01,74
CU01160,440,Al día,2025-02-02,6
CU00949,344,Al día,2024-08-21,90
CU01255,416,En mora,2024-08-31,38
CU00146,446,En mora,2024-09-23,58
CU00346,320,En mora,2025-05-05,83
CU00362,835,Al día,2025-01-29,20
CU00417,457,En mora,2025-06-17,73
CU01310,775,Al día,2025-06-23,17
CU00576,347,En mora,2025-01-18,56
CU00672,718,Al día,2025-01-05,89
CU00155,409,Al día,2025-03-08,61
CU01319,828,Al día,2025-06-16,37
CU01182,603,En mora,2024-07-17,18
CU01283,781,En mora,2025-04-18,26
CU01211,436,En mora,2025-06-19,27
CU01119,376,En mora,2025-06-09,25
CU01122,569,En mora,2025-04-03,83
CU00899,384,En mora,2024-12-27,1
CU01477,767,Al día,2025-03-04,46
CU00075,541,En mora,2025-03-11,73
CU00556,363,Al día,2025-05-17,13
CU00634,539,En mora,2025-01-08,86
CU00041,394,En mora,2024-11-14,18
CU01357,697,Al día,2024-11-12,48
CU01183,348,En mora,2025-04-01,54
CU00179,752,En mora,2025-04-22,86
CU00341,444,En mora,2025-03-25,21
CU01003,697,Al día,2024-09-23,7
CU00122,602,En mora,2024-09-19,12
CU00324,727,Al día,2024-11-17,45
CU00439,316,Al día,2024-12-17,60
CU00652,380,En mora,2025-03-24,22
CU01105,483,En mora,2025-06-27,6
CU00597,766,Al día,2025-03-06,15
CU01098,582,En mora,2024-10-29,65
CU00024,370,Al día,2024-07-16,83
CU00718,389,Al día,2024-09-29,43
CU00134,664,En mora,2024-09-30,75
CU00480,502,En mora,2025-04-03,55
CU00836,530,Al día,2024-08-14,19
CU00746,305,Al día,2025-04-26,80
CU00581,656,Al día,2025-04-23,51
CU00897,748,En mora,2024-08-26,31
CU00214,445,Al día,2025-01-02,4
CU00343,354,En mora,2024-09-27,15
CU01484,366,En mora,2024-06-30,30
CU00221,446,Al día,2024-09-14,50
CU00889,531,Al día,2024-11-17,62
CU00758,767,En mora,2024-12-25,38
CU00542,395,En mora,2024-11-29,88
CU00479,790,En mora,2025-03-22,76
CU01291,547,Al día,2024-08-25,22
CU01129,431,Al día,2025-02-03,83
CU00577,824,Al día,2025-06-24,48
CU01378,369,En mora,2025-01-24,88
CU00620,648,En mora,2024-07-28,85
CU00299,741,Al día,2025-06-26,84
CU00177,555,En mora,2024-08-08,11
CU01128,685,En mora,2024-08-22,59
CU00925,804,Al día,2024-12-23,83
CU00295,715,Al día,2024-11-03,48
CU00902,618,En mora,2025-04-15,35
CU00364,615,En mora,2024-11-20,80
CU01377,629,En mora,2024-09-26,83
CU00367,431,Al día,2024-10-23,56
CU00219,443,En mora,2024-10-22,47
CU00356,546,Al día,2025-04-23,1
CU01166,362,Al día,2024-12-11,15
CU00797,802,En mora,2024-11-23,14
CU01346,535,Al día,2025-02-11,10
CU00605,696,En mora,2025-04-13,15
CU01455,422,En mora,2024-07-28,62
CU00585,569,Al día,2024-10-30,82
CU01228,307,Al día,2025-03-31,85
CU00759,641,En mora,2025-01-28,65
CU01425,614,En mora,2025-02-26,28
CU00921,635,Al día,2025-01-30,2
CU00788,555,Al día,2025-04-23,75
CU00338,415,Al día,2024-07-21,73
CU00063,688,En mora,2024-10-23,73
CU01229,384,Al día,2024-12-07,61
CU01264,349,En mora,2024-08-02,35
CU00611,463,Al día,2024-08-22,88
CU00521,447,En mora,2025-05-27,12
CU01217,435,Al día,2024-12-16,75
CU01302,517,En mora,2025-01-07,23
CU01219,805,En mora,2025-06-07,49
CU00250,671,En mora,2024-11-19,61
CU00593,533,En mora,2024-12-31,82
CU00087,414,En mora,2025-05-26,89
CU00604,488,En mora,2025-05-29,55
CU00537,716,En mora,2025-05-12,38
CU00114,496,En mora,2024-09-20,73
CU00227,849,En mora,2025-01-24,16
CU01252,823,Al día,2025-03-24,12
CU00823,313,Al día,2024-09-26,41
CU00011,544,Al día,2024-09-09,8
CU01060,601,En mora,2024-08-11,68
CU00359,763,En mora,2025-04-06,23
CU00873,732,Al día,2024-11-18,51
CU01469,761,Al día,2025-04-12,89
CU00567,583,Al día,2024-08-02,2
CU00791,833,En mora,2024-10-22,50
CU01288,667,En mora,2025-04-15,71
CU00786,456,Al día,2025-04-20,68
CU01340,762,Al día,2024-08-07,67
CU01181,460,En mora,2024-06-29,62
CU00015,473,Al día,2024-07-06,8
CU00656,798,En mora,2025-06-23,66
CU01178,849,Al día,2024-09-15,74
CU00457,635,Al día,2024-07-29,68
CU00896,325,En mora,2024-07-13,83
CU00245,803,En mora,2024-10-16,15
CU00586,598,Al día,2024-10-06,26
CU01448,736,Al día,2024-11-07,84
CU00478,310,Al día,2025-06-12,15
CU01415,537,En mora,2025-04-15,23
CU00856,709,En mora,2024-07-21,76
CU01316,633,En mora,2025-03-01,88
CU00123,612,En mora,2025-03-12,23
CU00344,300,En mora,2025-01-04,0
CU01245,822,En mora,2024-11-05,71
CU00790,387,Al día,2025-04-01,57
CU00113,541,Al día,2024-08-19,40
CU01454,431,Al día,2025-05-14,15
CU00531,627,En mora,2024-11-20,5
CU00700,410,Al día,2024-10-12,16
CU00319,588,En mora,2024-07-13,73
CU00248,716,En mora,2025-04-19,26
CU00161,373,Al día,2025-02-12,83
CU00787,407,Al día,2025-06-09,20
CU01403,815,En mora,2024-09-30,11
CU00789,404,Al día,2024-12-22,71
CU00384,681,Al día,2025-02-13,32
CU00483,376,En mora,2025-03-06,4
CU00475,502,Al día,2025-02-01,10
CU01325,800,Al día,2025-05-31,15
CU00249,540,En mora,2025-04-05,64
CU00950,671,En mora,2024-12-06,38
CU01257,504,En mora,2024-07-14,46
CU00736,711,En mora,2024-11-11,69
CU00763,513,En mora,2024-09-28,21
CU00422,740,En mora,2025-03-14,54
CU00695,830,En mora,2025-01-23,84
CU00455,511,Al día,2025-03-31,0
CU00844,352,Al día,2025-02-25,31
CU01481,810,En mora,2024-08-27,38
CU01305,387,En mora,2025-06-10,5
CU01307,308,En mora,2025-04-13,66
CU00371,382,Al día,2025-03-04,37
CU00363,324,En mora,2025-01-20,84
CU00748,524,Al día,2024-08-19,68
CU01332,796,En mora,2024-12-12,56
CU00770,729,En mora,2025-05-24,17
CU00212,727,Al día,2025-05-06,73
CU01402,493,En mora,2025-04-12,62
CU01422,417,En mora,2024-11-26,88
CU01180,377,Al día,2025-05-10,40
CU00222,451,En mora,2025-05-20,66
CU00929,355,En mora,2025-01-31,45
CU00722,656,Al día,2024-08-16,77
CU00463,558,Al día,2025-02-04,68
CU01063,834,Al día,2025-03-30,65
CU01285,705,En mora,2024-12-21,26
CU01458,414,Al día,2024-09-19,88
CU00154,773,Al día,2025-02-21,12
CU00064,633,Al día,2025-02-12,84
CU00544,608,Al día,2025-03-06,5
CU00322,630,Al día,2024-12-24,30
CU00502,843,En mora,2025-01-17,4
CU01351,803,Al día,2025-04-17,24
CU00766,387,Al día,2025-04-14,18
CU00625,302,Al día,2025-05-10,38
CU00390,682,Al día,2025-01-22,27
CU01162,823,En mora,2024-08-18,17
CU00255,447,Al día,2024-07-29,77
CU00405,805,Al día,2025-04-23,70
CU00599,383,En mora,2025-03-14,27
CU01221,697,Al día,2024-10-26,75
CU00624,483,En mora,2024-10-28,45
CU00608,468,En mora,2025-04-21,35
CU00062,407,Al día,2025-01-21,16
CU00416,492,En mora,2024-12-01,79
CU00982,513,Al día,2025-04-28,54
CU00223,659,En mora,2025-05-03,9
CU01339,394,En mora,2025-01-20,70
CU00657,842,Al día,2024-10-08,32
CU00314,455,En mora,2025-03-11,33
CU00165,823,Al día,2025-02-15,48
CU00884,571,En mora,2024-07-19,83
CU01435,462,En mora,2025-03-09,20
CU00148,479,En mora,2024-06-30,51
CU01483,522,Al día,2025-01-10,58
CU01050,415,Al día,2025-04-10,10
CU00841,304,Al día,2025-02-14,32
CU01213,365,Al día,2025-03-29,86
CU00505,826,En mora,2024-11-24,54
CU00839,748,Al día,2025-05-20,88
CU00133,448,Al día,2024-08-27,18
CU00796,400,En mora,2025-01-05,68
CU00092,566,Al día,2025-06-23,26
CU00533,365,Al día,2025-01-12,9
CU00387,649,En mora,2025-06-04,80
CU00021,419,En mora,2025-01-23,34
CU01296,544,Al día,2024-09-27,81
CU00799,688,Al día,2025-06-04,89
CU00437,586,En mora,2024-09-08,82
CU00916,347,Al día,2024-07-13,24
CU01099,717,Al día,2024-07-06,47
CU00780,650,Al día,2025-01-26,72
CU01031,454,En mora,2024-11-28,84
CU01223,637,En mora,2025-05-21,82
CU01329,560,Al día,2025-05-14,65
CU00952,828,En mora,2024-12-18,77
CU01216,502,Al día,2024-07-03,20
CU01009,739,En mora,2025-04-18,53
CU00451,465,En mora,2025-04-07,19
CU00888,678,En mora,2024-10-30,40
CU00570,737,En mora,2024-11-24,55
CU01096,347,Al día,2024-11-09,48
CU00067,528,Al día,2024-08-08,3
CU01056,321,Al día,2025-05-08,77
CU01401,574,Al día,2025-04-30,31
CU01384,412,Al día,2024-10-24,9
CU00741,844,En mora,2024-08-31,34
CU00052,388,En mora,2024-09-05,15
CU00378,310,Al día,2024-07-27,68
CU00135,326,En mora,2024-08-03,14
CU00278,755,Al día,2025-06-11,87
CU00557,330,En mora,2025-05-19,70
CU00647,746,En mora,2024-07-16,52
CU00205,727,En mora,2025-01-09,8
CU00942,813,Al día,2024-12-05,42
CU01293,698,En mora,2025-02-14,81
CU00440,831,Al día,2025-01-15,11
CU01107,686,En mora,2024-10-05,46
CU00121,629,Al día,2025-02-13,42
CU01411,437,Al día,2025-04-02,34
CU01268,781,En mora,2025-02-28,18
CU00551,599,Al día,2025-05-23,28
CU00351,331,Al día,2025-01-30,35
CU00745,756,Al día,2025-02-28,1
CU01218,841,En mora,2025-03-11,12
CU01076,684,En mora,2024-08-09,48
CU00507,631,En mora,2025-06-17,28
CU00525,343,Al día,2025-05-04,48
CU00372,846,Al día,2024-07-06,13
CU01051,723,Al día,2024-09-12,15
CU00654,344,En mora,2025-04-08,22
CU01214,679,Al día,2025-04-02,67
CU00993,796,Al día,2024-08-30,39
CU00110,437,En mora,2024-12-06,75
CU00951,707,En mora,2024-08-08,62
CU00353,484,Al día,2024-11-10,12
CU00803,788,Al día,2024-12-13,67
CU01088,317,En mora,2024-07-18,44
CU00325,371,En mora,2025-02-05,89
CU01093,470,Al día,2024-09-15,73
CU00315,376,Al día,2025-02-04,36
CU00449,699,Al día,2024-10-13,70
CU01108,820,En mora,2024-07-16,34
CU01376,500,En mora,2024-10-10,77
CU00240,538,En mora,2025-02-19,12
CU01161,616,En mora,2024-11-20,6
CU00466,822,En mora,2024-12-09,21
CU01314,619,Al día,2025-03-07,40
CU00229,849,En mora,2025-02-14,49
CU00204,821,Al día,2024-08-28,23
CU00740,827,Al día,2024-08-16,44
CU00144,776,Al día,2024-07-30,86
CU00279,624,En mora,2024-07-15,68
CU00848,765,Al día,2024-07-18,70
CU00630,341,En mora,2025-05-25,76
CU00976,533,Al día,2025-03-10,51
CU00300,736,Al día,2024-11-29,61
CU00555,579,En mora,2024-11-23,75
CU00774,503,En mora,2024-07-17,16
CU00663,605,Al día,2025-02-03,33
CU00934,809,En mora,2025-02-10,1
CU00940,595,En mora,2025-06-12,87
CU00510,321,En mora,2024-11-06,65
CU00208,541,En mora,2024-11-05,19
CU00615,693,En mora,2024-12-31,84
CU00392,726,Al día,2024-07-01,16
CU01443,752,En mora,2025-03-15,18
CU00056,806,En mora,2025-05-26,48
CU01086,512,Al día,2024-09-11,72
CU01366,540,En mora,2025-06-14,34
CU00948,708,En mora,2024-08-21,6
CU00108,344,Al día,2024-10-08,81
CU00633,536,Al día,2025-02-22,47
CU00153,412,Al día,2024-11-01,90
CU00365,806,En mora,2024-09-11,31
CU01472,749,Al día,2024-09-11,86
CU01453,837,Al día,2025-05-29,77
CU00198,508,Al día,2025-05-09,53
CU00872,589,En mora,2024-10-21,90
CU00234,797,En mora,2025-05-30,58
CU01068,482,En mora,2024-11-09,23
CU01227,699,Al día,2025-03-11,56
CU00074,507,Al día,2024-07-19,45
CU01168,722,Al día,2025-05-21,59
CU01016,689,En mora,2024-09-03,64
CU00995,665,Al día,2025-06-28,36
CU00388,735,En mora,2025-02-09,35
CU00164,611,En mora,2025-05-04,54
CU01392,638,En mora,2024-11-10,66
CU01004,446,En mora,2024-07-26,29
CU01491,756,Al día,2024-10-04,39
CU00484,710,Al día,2024-07-03,81
CU01478,581,Al día,2025-04-18,11
CU01100,713,En mora,2025-02-24,39
CU00271,396,En mora,2025-04-22,52
CU00140,462,Al día,2025-04-16,40
CU00970,736,En mora,2024-09-18,11
CU00568,495,Al día,2025-04-29,81
CU01430,460,Al día,2024-10-22,10
CU01331,554,Al día,2024-09-30,9
CU00263,369,En mora,2024-12-14,30
CU00922,711,En mora,2025-01-24,11
CU01500,335,Al día,2025-06-05,21
CU00687,604,Al día,2024-08-15,73
CU00340,769,En mora,2025-03-31,7
CU00088,608,Al día,2024-11-27,10
CU01388,496,Al día,2024-10-14,36
CU01094,780,En mora,2024-09-19,70
CU00323,635,En mora,2024-08-23,63
CU00710,590,Al día,2025-05-07,1
CU00261,729,En mora,2024-09-13,54
CU01299,731,En mora,2024-12-23,86
CU01139,833,Al día,2025-02-17,65
CU00954,809,Al día,2024-09-18,17
CU00866,804,Al día,2024-12-03,61
CU00190,708,En mora,2025-05-09,63
CU01136,701,Al día,2025-02-19,65
CU00093,340,En mora,2024-11-03,87
CU01261,683,En mora,2024-06-29,86
CU01369,590,Al día,2024-12-09,68
CU00183,482,Al día,2024-08-17,89
CU01371,339,Al día,2025-01-11,15
CU01091,524,Al día,2025-03-17,51
CU00864,584,Al día,2025-03-30,1
CU00211,437,Al día,2024-07-01,78
CU00641,634,Al día,2024-10-24,24
CU01270,437,En mora,2025-05-18,0
CU00345,773,Al día,2025-02-24,54
CU01015,787,En mora,2025-04-14,89
CU00053,445,Al día,2025-06-23,68
CU00224,708,Al día,2024-08-16,44
CU00193,809,En mora,2025-03-20,31
CU00658,384,En mora,2024-11-17,84
CU01389,308,Al día,2024-08-11,67
CU01465,388,En mora,2024-06-29,87
CU00317,388,Al día,2025-02-28,77
CU00512,518,En mora,2024-07-21,5
CU00499,649,En mora,2024-08-04,77
CU01059,704,En mora,2024-07-20,57
CU01115,460,En mora,2025-04-25,21
CU01466,342,Al día,2025-01-06,86
CU00403,773,En mora,2024-12-01,67
CU00890,557,En mora,2024-11-25,28
CU01134,458,En mora,2024-11-09,22
CU00776,431,Al día,2025-02-18,9
CU01130,344,Al día,2024-09-22,46
CU00151,620,Al día,2025-02-02,17
CU00010,493,En mora,2024-07-21,65
CU00761,817,En mora,2024-09-04,45
CU01037,562,En mora,2024-12-07,6
CU00206,734,En mora,2024-07-24,54
CU01215,829,Al día,2025-05-04,63
CU00102,596,En mora,2025-01-04,48
CU01470,800,Al día,2025-01-10,21
CU00262,368,En mora,2024-09-21,47
CU00991,324,Al día,2024-07-31,14
CU00217,812,Al día,2024-12-12,43
CU00817,482,Al día,2024-10-29,86
CU01222,353,En mora,2024-10-08,31
CU00202,380,Al día,2024-09-01,69
CU00065,459,Al día,2025-06-18,15
CU01200,685,Al día,2025-06-27,37
CU00007,748,Al día,2025-05-20,38
CU00588,563,En mora,2024-11-02,61
CU00771,608,En mora,2024-08-31,37
CU01464,343,Al día,2025-03-26,33
CU00677,500,Al día,2024-06-29,27
CU01158,583,Al día,2024-09-01,0
CU01417,446,En mora,2024-08-10,80
CU00472,739,En mora,2024-07-11,72
CU01304,703,Al día,2025-04-18,50
CU01359,483,En mora,2025-06-12,27
CU00752,846,En mora,2025-06-23,39
CU00571,508,Al día,2024-10-07,82
CU00917,381,Al día,2025-01-26,65
CU00272,562,En mora,2024-07-30,4
CU00042,338,Al día,2025-04-16,59
CU01353,585,En mora,2025-02-10,79
CU00833,322,Al día,2025-02-23,62
CU00284,773,En mora,2024-10-08,7
CU01069,602,Al día,2024-10-07,45
CU00288,505,Al día,2025-06-02,0
CU00054,731,En mora,2025-05-25,78
CU01061,394,Al día,2025-04-21,58
CU00203,774,En mora,2025-05-28,42
CU00628,675,Al día,2024-09-23,38
CU00402,436,Al día,2024-09-15,45
CU01195,450,Al día,2024-11-28,13
CU00781,501,Al día,2025-04-21,0
CU00330,549,En mora,2024-08-14,44
CU00723,373,En mora,2024-07-02,23
CU00753,621,Al día,2025-02-24,51
CU01022,848,Al día,2024-07-15,45
CU00838,465,Al día,2024-09-08,1
CU00184,300,En mora,2025-05-15,12
CU00060,637,Al día,2024-09-16,55
CU01165,590,En mora,2025-02-23,62
CU00835,370,En mora,2025-05-22,25
CU00879,407,Al día,2024-09-29,10
CU00849,789,Al día,2025-05-12,67
CU00017,480,Al día,2024-09-10,65
CU00602,324,Al día,2024-11-19,19
CU00069,450,En mora,2024-10-22,52
CU00612,564,En mora,2024-09-15,15
CU00871,502,En mora,2024-09-07,62
CU01052,774,Al día,2024-09-22,0
CU00977,519,En mora,2025-01-21,19
CU01355,381,Al día,2024-07-15,84
CU00409,463,Al día,2025-05-21,32
CU00181,568,En mora,2024-12-17,28
CU00157,482,En mora,2025-02-18,60
CU00621,479,En mora,2024-09-20,50
CU01322,771,En mora,2025-03-13,47
CU00893,410,Al día,2024-11-03,38
CU00137,344,En mora,2024-12-27,46
CU01373,849,Al día,2025-02-01,54
CU00307,831,En mora,2025-03-14,23
CU01259,730,En mora,2024-10-12,68
CU01363,657,Al día,2025-04-19,34
CU00461,358,Al día,2025-01-25,13
CU00186,523,Al día,2024-11-12,56
CU01381,488,Al día,2025-01-20,84
CU01150,358,Al día,2025-05-15,56
CU00640,307,Al día,2025-06-08,20
CU00813,783,Al día,2024-07-12,17
CU00729,705,En mora,2024-10-23,45
CU01428,771,En mora,2025-05-13,55
CU00635,320,En mora,2025-01-08,0
CU00842,683,En mora,2025-05-14,45
CU00846,711,En mora,2025-03-07,90
CU00887,604,Al día,2024-09-19,25
CU01020,609,Al día,2024-12-06,14
CU00784,530,Al día,2025-04-21,24
CU01062,535,Al día,2024-07-26,36
CU00443,345,Al día,2025-05-01,5
CU00968,521,Al día,2025-02-21,17
CU01010,455,En mora,2024-08-20,50
CU00237,394,En mora,2025-04-19,53
CU00632,382,En mora,2024-08-07,42
CU00374,544,En mora,2024-07-31,4
CU00987,309,Al día,2025-02-17,20
CU01426,388,Al día,2024-10-16,85
CU01204,625,En mora,2025-04-22,25
CU00523,585,En mora,2024-07-13,61
CU00424,514,En mora,2024-10-30,85
CU00627,371,En mora,2025-02-16,34
CU00800,507,En mora,2024-10-29,15
CU00698,438,Al día,2025-03-14,53
CU01029,678,Al día,2024-11-09,62
CU01418,701,Al día,2025-06-27,70
CU00116,822,Al día,2024-10-07,63
CU00414,639,Al día,2025-01-11,87
CU01368,475,En mora,2025-03-10,16
CU01194,656,En mora,2024-07-08,41
CU01317,677,Al día,2025-04-19,51
CU00804,615,Al día,2024-08-18,64
CU00828,374,Al día,2024-10-31,49
CU00175,398,Al día,2025-01-05,16
CU00750,564,En mora,2024-09-23,14
CU00868,382,Al día,2024-11-22,13
CU00361,527,En mora,2025-01-08,2
CU00667,430,En mora,2025-02-26,16
CU01441,309,En mora,2025-05-27,19
CU00236,844,En mora,2025-01-14,44
CU01280,543,En mora,2025-03-10,64
CU00714,525,En mora,2024-08-26,1
CU00453,527,En mora,2025-06-06,87
CU00040,544,Al día,2025-02-19,30
CU01492,743,Al día,2025-02-11,6
CU00768,760,En mora,2025-06-16,86
CU00210,681,Al día,2025-05-09,43
CU00080,491,En mora,2024-07-31,54
CU00816,821,Al día,2025-05-23,76
CU01399,457,Al día,2024-10-29,1
CU01480,555,Al día,2024-10-19,55
CU00142,846,Al día,2025-03-30,61
CU00777,805,En mora,2025-05-31,37
CU00020,466,Al día,2024-10-03,36
CU00590,321,Al día,2024-09-17,62
CU00733,366,En mora,2024-08-22,10
CU00238,316,En mora,2024-06-30,54
CU01263,554,En mora,2025-03-29,31
CU01367,487,Al día,2024-12-18,79
CU00254,627,En mora,2024-08-15,19
CU00167,679,Al día,2024-10-12,65
CU00931,645,Al día,2025-02-16,23
CU00094,539,En mora,2025-06-03,31
CU00049,772,Al día,2025-05-06,35
CU00192,606,Al día,2024-11-04,14
CU00500,475,En mora,2024-08-08,33
CU00530,612,Al día,2024-07-19,89
CU00822,843,Al día,2024-12-05,31
CU01071,634,Al día,2024-09-13,85
CU01042,678,En mora,2025-04-11,54
CU00408,839,En mora,2025-01-02,25
CU01398,632,Al día,2025-06-19,60
CU00554,439,En mora,2025-01-13,90
CU00418,584,Al día,2024-07-03,13
CU01457,642,Al día,2025-01-27,89
CU01153,568,Al día,2024-11-23,64
CU00178,485,Al día,2025-01-30,78
CU01144,409,En mora,2025-06-23,23
CU00996,334,Al día,2025-02-19,24
CU01011,521,Al día,2024-10-21,75
CU00426,813,En mora,2024-08-10,80
CU00600,398,Al día,2024-07-18,81
CU01235,309,En mora,2024-08-13,19
CU00855,508,Al día,2024-10-12,29
CU00716,337,Al día,2025-05-10,15
CU01308,393,Al día,2024-07-15,16
CU00171,532,Al día,2025-01-21,51
CU00427,462,Al día,2025-06-01,4
CU00699,541,En mora,2024-10-30,35
CU01265,397,Al día,2024-07-08,24
CU00012,682,Al día,2024-08-29,18
CU00711,588,Al día,2024-07-09,54
CU01374,440,En mora,2024-09-19,2
CU00548,502,Al día,2025-06-26,78
CU00103,787,En mora,2025-01-19,25
CU00765,703,Al día,2024-12-30,11
CU01072,716,En mora,2024-09-09,6
CU00739,605,En mora,2025-01-01,48
CU00199,436,Al día,2024-08-29,52
CU01187,429,En mora,2024-07-31,67
CU00969,415,En mora,2024-07-16,39
CU00170,437,Al día,2024-10-14,89
CU00136,714,En mora,2025-06-04,81
CU00400,460,Al día,2024-10-24,29
CU00131,547,Al día,2024-11-01,28
CU00592,433,Al día,2024-08-21,43
CU00477,825,Al día,2024-09-07,54
CU00563,570,Al día,2025-02-25,61
CU00207,524,Al día,2025-02-10,7
CU01432,420,En mora,2024-06-30,65
CU01300,762,En mora,2025-04-28,54
CU00283,539,En mora,2025-06-20,82
CU00649,320,En mora,2024-10-23,6
CU00277,747,Al día,2025-05-27,38
CU00395,628,Al día,2024-10-31,14
CU00981,747,Al día,2024-11-16,34
CU01040,554,En mora,2025-04-08,46
CU00923,461,Al día,2025-02-10,35
CU00574,602,En mora,2025-06-19,44
CU00534,487,Al día,2025-03-28,53
CU00320,329,Al día,2024-12-10,31
CU01485,735,En mora,2024-11-03,40
CU00296,614,Al día,2025-06-19,6
CU00037,687,En mora,2024-10-26,23
CU00016,779,Al día,2025-04-23,5
CU00734,434,Al día,2024-08-01,0
CU00169,337,En mora,2024-12-27,6
CU01241,587,Al día,2025-05-21,84
CU00293,368,Al día,2025-01-08,41
CU00999,366,En mora,2025-05-24,27
CU00253,491,En mora,2025-01-28,36
CU00421,419,En mora,2024-06-30,60
CU01067,700,En mora,2024-11-30,35
CU01336,699,Al día,2024-07-31,77
CU00708,822,En mora,2025-01-05,12
CU01424,313,En mora,2025-06-24,55
CU00332,845,En mora,2025-05-31,23
CU00089,768,En mora,2024-12-01,32
CU00339,453,En mora,2024-12-29,62
CU00913,469,En mora,2025-05-31,46
CU00712,685,En mora,2025-04-25,42
CU01287,605,Al día,2024-08-01,38
CU01053,617,Al día,2024-06-30,14
CU00265,653,Al día,2025-06-10,12
CU00313,510,Al día,2025-06-22,85
CU01205,754,En mora,2025-04-18,1
CU00061,491,Al día,2024-08-18,87
CU01489,634,En mora,2024-10-04,70
CU00906,366,Al día,2025-04-07,16
CU00399,411,En mora,2025-06-11,42
CU00506,406,En mora,2024-10-20,46
CU00655,325,En mora,2024-09-06,46
CU00524,365,Al día,2024-12-08,75
CU00749,713,En mora,2025-05-23,67
CU01354,799,En mora,2024-11-03,77
CU00342,300,Al día,2024-12-19,47
CU01463,758,Al día,2025-06-07,30
CU01275,668,Al día,2025-01-18,83
CU00438,441,En mora,2024-11-09,35
CU01330,313,En mora,2024-12-25,26
CU00670,767,En mora,2024-10-26,74
CU01256,830,Al día,2025-02-12,49
CU00471,709,Al día,2025-04-29,11
CU01075,449,En mora,2024-12-02,13
CU00051,632,En mora,2025-04-05,16
CU00126,373,En mora,2025-05-04,80
CU01012,737,En mora,2025-05-21,77
CU00286,682,En mora,2025-02-16,15
CU00298,650,En mora,2025-02-26,5
CU00304,565,En mora,2025-02-06,75
CU00853,704,En mora,2024-10-03,83
CU00470,722,En mora,2024-08-06,24
CU00216,378,En mora,2024-11-24,24
CU00543,608,En mora,2024-10-07,90
CU00452,332,En mora,2025-02-03,57
CU00511,727,Al día,2025-03-19,12
CU00696,634,Al día,2025-03-17,9
CU00497,754,En mora,2025-06-28,69
CU00618,711,Al día,2025-02-10,79
CU01467,769,En mora,2025-04-03,43
CU00348,814,Al día,2024-11-20,38
CU00572,420,En mora,2025-05-25,60
CU00582,449,Al día,2025-06-09,25
CU01156,452,En mora,2024-12-03,68
CU01341,555,Al día,2024-09-18,19
CU00368,362,En mora,2025-01-17,5
CU00166,592,Al día,2025-05-23,16
CU00252,367,Al día,2025-04-29,24
CU01397,524,Al día,2025-02-10,53
CU00811,753,Al día,2024-07-09,70
CU00933,589,En mora,2024-09-30,32
CU00046,546,Al día,2025-05-31,71
CU00546,615,Al día,2024-10-14,44
CU01190,591,En mora,2025-05-25,46
CU01083,779,Al día,2025-03-16,57
CU00528,513,En mora,2025-05-14,80
CU01375,817,En mora,2024-07-22,15
CU00775,492,En mora,2025-03-29,55
CU01321,733,En mora,2024-11-17,8
CU00162,373,Al día,2025-05-05,61
CU00915,373,Al día,2024-08-07,53
CU00579,562,En mora,2025-06-15,67
CU00945,385,Al día,2025-04-08,64
CU00006,357,En mora,2025-06-13,2
CU00057,716,En mora,2025-06-27,21
CU01479,580,En mora,2025-03-06,76
CU00561,507,En mora,2025-02-05,35
CU01312,442,En mora,2024-11-12,89
CU00869,712,Al día,2024-08-21,16
CU00445,351,En mora,2024-12-11,37
CU01474,316,Al día,2025-01-21,5
CU00809,718,En mora,2024-08-22,72
CU01198,723,Al día,2025-02-06,7
CU01206,500,Al día,2024-12-25,88
CU01358,717,Al día,2024-11-05,24
CU01049,741,En mora,2025-03-20,50
CU00669,801,Al día,2024-09-11,63
CU00965,381,En mora,2025-04-01,87
CU01494,379,En mora,2025-06-12,68
CU00495,488,En mora,2024-09-23,65
CU01495,779,Al día,2024-08-30,9
CU01179,455,En mora,2024-07-06,21
CU00130,459,Al día,2025-05-01,56
CU00806,343,En mora,2024-12-18,65
CU01017,461,En mora,2024-07-09,49
CU00115,809,Al día,2025-06-02,71
CU01460,812,En mora,2025-01-28,49
CU00242,507,En mora,2025-06-13,51
CU01449,396,Al día,2025-02-08,77
CU01078,320,En mora,2024-10-18,34
CU00580,654,Al día,2024-10-09,26
CU01452,804,Al día,2025-01-16,23
CU00404,703,En mora,2025-02-27,0
CU00721,522,Al día,2024-11-16,20
CU00256,699,En mora,2025-06-25,73
CU01157,761,En mora,2025-05-12,27
CU00920,331,En mora,2024-08-01,75
CU00587,788,Al día,2025-06-16,89
CU01476,587,En mora,2024-12-14,1
CU00909,736,En mora,2024-11-04,65
CU01002,679,En mora,2025-01-20,58
CU01395,736,En mora,2024-10-27,64
CU00100,429,En mora,2025-04-16,90
CU00195,740,Al día,2025-02-18,67
CU01289,792,Al día,2024-10-08,33
CU00693,544,Al día,2024-07-29,38
CU01360,351,Al día,2025-02-24,28
CU01152,529,En mora,2025-06-01,37
CU01386,764,En mora,2024-10-21,90
CU00762,485,En mora,2024-11-20,34
CU00172,461,Al día,2024-07-14,70
CU01352,498,En mora,2024-11-19,15
CU01101,700,Al día,2024-07-25,21
CU00152,771,En mora,2024-08-22,28
CU00532,755,Al día,2025-06-09,5
CU00898,844,En mora,2024-10-24,68
CU00757,712,Al día,2025-01-26,30
CU00156,830,En mora,2025-05-03,37
CU00875,420,En mora,2025-02-10,5
CU01224,368,En mora,2025-03-28,81
CU01054,592,Al día,2024-11-04,18
CU00086,709,Al día,2025-02-17,35
CU00491,579,Al día,2024-12-11,17
CU00433,832,Al día,2024-07-14,34
CU00232,718,Al día,2024-07-12,6
CU00653,327,En mora,2025-05-10,82
CU01006,695,Al día,2025-04-01,31
CU01409,727,Al día,2024-10-31,26
CU00124,443,Al día,2025-05-20,68
CU00413,392,Al día,2025-01-26,14
CU00644,334,En mora,2025-02-05,0
CU01097,769,En mora,2025-05-20,83
CU01345,825,Al día,2025-05-24,44
CU01456,614,Al día,2024-12-20,80
CU00779,783,En mora,2025-01-13,77
CU00488,675,Al día,2025-04-30,47
CU00412,787,En mora,2024-12-18,41
CU01440,795,Al día,2024-10-14,10
CU00407,675,En mora,2024-12-09,90
CU00905,790,Al día,2025-05-22,70
CU00036,598,Al día,2024-10-14,33
CU00960,652,En mora,2024-12-06,17
CU01197,653,En mora,2024-12-29,52
CU00756,780,En mora,2025-01-15,78
CU00619,703,Al día,2024-07-14,37
CU00832,693,Al día,2024-07-06,41
CU01278,702,Al día,2025-06-19,7
CU00517,790,En mora,2024-11-17,80
CU00117,823,En mora,2025-05-15,1
CU00047,693,Al día,2024-08-09,45
CU00070,403,En mora,2024-09-23,28
CU00275,310,Al día,2025-06-22,35
CU00851,524,Al día,2025-06-19,22
CU00370,616,Al día,2025-03-24,32
CU00303,721,En mora,2025-04-23,2
CU00939,572,En mora,2024-07-24,68
CU00845,353,En mora,2025-01-27,84
CU00244,472,Al día,2024-08-09,74
CU01243,546,En mora,2024-07-22,13
CU01126,458,Al día,2025-02-15,88
CU00564,405,En mora,2024-11-29,48
CU00643,594,En mora,2024-07-19,83
CU01281,575,Al día,2024-08-10,32
CU01065,342,Al día,2024-11-23,80
CU01032,493,Al día,2024-07-13,81
CU00428,610,En mora,2025-04-23,77
CU00767,402,Al día,2025-02-21,70
CU00366,549,En mora,2024-10-13,26
CU01286,695,Al día,2025-01-08,56
CU00376,595,En mora,2025-03-08,28
CU01251,537,En mora,2025-04-11,41
CU00793,588,En mora,2024-12-27,34
CU00725,836,En mora,2025-05-16,26
CU00682,555,Al día,2025-05-18,74
CU00435,820,Al día,2024-11-13,80
CU00266,418,En mora,2024-10-26,50
CU01419,418,En mora,2024-12-05,19
CU00764,390,En mora,2025-05-04,57
CU01142,471,En mora,2024-09-08,29
CU00684,415,En mora,2024-11-03,55
CU00003,833,Al día,2024-07-03,47
CU00377,648,En mora,2024-10-27,18
CU01188,775,Al día,2025-05-11,61
CU00082,744,Al día,2025-04-30,11
CU00994,407,En mora,2025-01-21,63
CU00369,421,En mora,2024-12-15,23
CU01046,521,En mora,2025-06-07,58
CU00676,758,Al día,2024-12-20,23
CU01202,797,Al día,2024-12-24,22
CU00209,669,En mora,2025-06-13,24
